Forma ;Lemma;Analisi ;olivetti_url;;;
ελῶ;αἱρέω;futuro attivo              ;https://www.grecoantico.com/dizionario-greco-antico.php?parola=%CE%B1%E1%BC%B1%CF%81%CE%AD%CF%89;;;
εἷλον;αἱρέω;aoristo attivo;https://www.grecoantico.com/dizionario-greco-antico.php?parola=%CE%B1%E1%BC%B1%CF%81%CE%AD%CF%89;;;
ᾓρηκα;αἱρέω;perfetto attivo;https://www.grecoantico.com/dizionario-greco-antico.php?parola=%CE%B1%E1%BC%B1%CF%81%CE%AD%CF%89;;;
ᾓρημαι;αἱρέω;perfetto medio-passivo;https://www.grecoantico.com/dizionario-greco-antico.php?parola=%CE%B1%E1%BC%B1%CF%81%CE%AD%CF%89;;;
ᾑρέθην;αἱρέω;aoristo passivo;https://www.grecoantico.com/dizionario-greco-antico.php?parola=%CE%B1%E1%BC%B1%CF%81%CE%AD%CF%89;;;
αἱρεθήσομαι;αἱρέω;futuro passivo;https://www.grecoantico.com/dizionario-greco-antico.php?parola=%CE%B1%E1%BC%B1%CF%81%CE%AD%CF%89;;;
ἐλεύσομαι;ἔρχομαι;futuro medio deponente             ;https://www.grecoantico.com/dizionario-greco-antico.php?parola=%E1%BC%94%CF%81%CF%87%CE%BF%CE%BC%CE%B1%CE%B9;;;
ἦλθον;ἔρχομαι;aoristo attivo;https://www.grecoantico.com/dizionario-greco-antico.php?parola=%E1%BC%94%CF%81%CF%87%CE%BF%CE%BC%CE%B1%CE%B9;;;
ἐλήλυθα;ἔρχομαι;perfetto attivo;https://www.grecoantico.com/dizionario-greco-antico.php?parola=%E1%BC%94%CF%81%CF%87%CE%BF%CE%BC%CE%B1%CE%B9;;;
ἔδομαι;ἐσθίω;futuro medio deponente             ;https://www.grecoantico.com/dizionario-greco-antico.php?parola=%E1%BC%90%CF%83%CE%B8%CE%AF%CF%89;;;
ἔφαγον;ἐσθίω;aoristo attivo;https://www.grecoantico.com/dizionario-greco-antico.php?parola=%E1%BC%90%CF%83%CE%B8%CE%AF%CF%89;;;
ἐδήδοκα;ἐσθίω;perfetto attivo;https://www.grecoantico.com/dizionario-greco-antico.php?parola=%E1%BC%90%CF%83%CE%B8%CE%AF%CF%89;;;
ἐδήδεμαι;ἐσθίω;perfetto medio-passivo;https://www.grecoantico.com/dizionario-greco-antico.php?parola=%E1%BC%90%CF%83%CE%B8%CE%AF%CF%89;;;
ἠδέσθην;ἐσθίω;aoristo passivo;https://www.grecoantico.com/dizionario-greco-antico.php?parola=%E1%BC%90%CF%83%CE%B8%CE%AF%CF%89;;;
ἐδεσθήσομαι;ἐσθίω;futuro passivo;https://www.grecoantico.com/dizionario-greco-antico.php?parola=%E1%BC%90%CF%83%CE%B8%CE%AF%CF%89;;;
ἐρῶ;λέγω;futuro attivo              ;https://www.grecoantico.com/dizionario-greco-antico.php?parola=legw;;;
εἶπον;λέγω;aoristo attivo;https://www.grecoantico.com/dizionario-greco-antico.php?parola=legw;;;
εἶπα;λέγω;aoristo attivo;https://www.grecoantico.com/dizionario-greco-antico.php?parola=legw;;;
εἴρηκα;λέγω;perfetto attivo;https://www.grecoantico.com/dizionario-greco-antico.php?parola=legw;;;
εἴρημαι;λέγω;perfetto medio-passivo;https://www.grecoantico.com/dizionario-greco-antico.php?parola=legw;;;
ἐρρήθην;λέγω;aoristo passivo;https://www.grecoantico.com/dizionario-greco-antico.php?parola=legw;;;
ῤηθήσομαι;λέγω;futuro passivo;https://www.grecoantico.com/dizionario-greco-antico.php?parola=legw;;;
ὂψομαι;ὁράω;futuro medio deponente             ;https://www.grecoantico.com/dizionario-greco-antico.php?parola=oraw;;;
εἶδον;ὁράω;aoristo attivo;https://www.grecoantico.com/dizionario-greco-antico.php?parola=oraw;;;
ἑώρακα;ὁράω;perfetto attivo;https://www.grecoantico.com/dizionario-greco-antico.php?parola=oraw;;;
ἑώραμαι;ὁράω;perfetto medio-passivo;https://www.grecoantico.com/dizionario-greco-antico.php?parola=oraw;;;
ὄπωπα;ὁράω;perfetto attivo;https://www.grecoantico.com/dizionario-greco-antico.php?parola=oraw;;;
ᾦμμαι;ὁράω;perfetto medio-passivo;https://www.grecoantico.com/dizionario-greco-antico.php?parola=oraw;;;
ὢφθην;ὁράω;aoristo passivo;https://www.grecoantico.com/dizionario-greco-antico.php?parola=oraw;;;
ὀφθήσομαι;ὁράω;futuro passivo;https://www.grecoantico.com/dizionario-greco-antico.php?parola=oraw;;;
οἲσω;φέρω;futuro attivo              ;https://www.grecoantico.com/dizionario-greco-antico.php?parola=ferw;;;
ἤνεγκον;φέρω;aoristo attivo;https://www.grecoantico.com/dizionario-greco-antico.php?parola=ferw;;;
ἤνεγκα;φέρω;aoristo attivo;https://www.grecoantico.com/dizionario-greco-antico.php?parola=ferw;;;
ἐνήνοχα;φέρω;perfetto attivo;https://www.grecoantico.com/dizionario-greco-antico.php?parola=ferw;;;
ἐνήνεγμαι;φέρω;perfetto medio-passivo;https://www.grecoantico.com/dizionario-greco-antico.php?parola=ferw;;;
ἠνέχθην;φέρω;aoristo passivo;https://www.grecoantico.com/dizionario-greco-antico.php?parola=ferw;;;
ἐνεχθήσομαι;φέρω;futuro passivo;https://www.grecoantico.com/dizionario-greco-antico.php?parola=ferw;ὁράω;futuro medio deponente 1ª sing.;
ὄψῃ;ὁράω;futuro medio deponente 2ª sing.;https://www.grecoantico.com/dizionario-greco-antico.php?parola=oraw;;;
ὄψεται;ὁράω;futuro medio deponente 3ª sing.;https://www.grecoantico.com/dizionario-greco-antico.php?parola=oraw;;;
ὄψόμεθα;ὁράω;futuro medio deponente 1ª plur.;https://www.grecoantico.com/dizionario-greco-antico.php?parola=oraw;;;
ὄψεσθε;ὁράω;futuro medio deponente 2ª plur.;https://www.grecoantico.com/dizionario-greco-antico.php?parola=oraw;;;
ὄψονται;ὁράω;futuro medio deponente 3ª plur.;https://www.grecoantico.com/dizionario-greco-antico.php?parola=oraw;;;
εἶπον;λέγω;aoristo attivo 1ª sing.;https://www.grecoantico.com/dizionario-greco-antico.php?parola=legw;;;
εἶπες;λέγω;aoristo attivo 2ª sing.;https://www.grecoantico.com/dizionario-greco-antico.php?parola=legw;;;
εἶπε;λέγω;aoristo attivo 3ª sing.;https://www.grecoantico.com/dizionario-greco-antico.php?parola=legw;;;
εἶπομεν;λέγω;aoristo attivo 1ª plur.;https://www.grecoantico.com/dizionario-greco-antico.php?parola=legw;;;
εἶπατε;λέγω;aoristo attivo 2ª plur.;https://www.grecoantico.com/dizionario-greco-antico.php?parola=legw;;;
εἶπον;λέγω;aoristo attivo 3ª plur.;https://www.grecoantico.com/dizionario-greco-antico.php?parola=legw;;;
ἦλθον;ἔρχομαι;aoristo attivo 1ª sing.;https://www.grecoantico.com/dizionario-greco-antico.php?parola=%E1%BC%94%CF%81%CF%87%CE%BF%CE%BC%CE%B1%CE%B9;;;
ἦλθες;ἔρχομαι;aoristo attivo 2ª sing.;https://www.grecoantico.com/dizionario-greco-antico.php?parola=%E1%BC%94%CF%81%CF%87%CE%BF%CE%BC%CE%B1%CE%B9;;;
ἦλθε(ν);ἔρχομαι;aoristo attivo 3ª sing.;https://www.grecoantico.com/dizionario-greco-antico.php?parola=%E1%BC%94%CF%81%CF%87%CE%BF%CE%BC%CE%B1%CE%B9;;;
ἦλθομεν;ἔρχομαι;aoristo attivo 1ª plur.;https://www.grecoantico.com/dizionario-greco-antico.php?parola=%E1%BC%94%CF%81%CF%87%CE%BF%CE%BC%CE%B1%CE%B9;;;
ἦλθετε;ἔρχομαι;aoristo attivo 2ª plur.;https://www.grecoantico.com/dizionario-greco-antico.php?parola=%E1%BC%94%CF%81%CF%87%CE%BF%CE%BC%CE%B1%CE%B9;;;
ἦλθον;ἔρχομαι;aoristo attivo 3ª plur.;https://www.grecoantico.com/dizionario-greco-antico.php?parola=%E1%BC%94%CF%81%CF%87%CE%BF%CE%BC%CE%B1%CE%B9;;;
ἔφαγον;ἐσθίω;aoristo attivo 1ª sing.;https://www.grecoantico.com/dizionario-greco-antico.php?parola=%E1%BC%90%CF%83%CE%B8%CE%AF%CF%89;;;
ἔφαγες;ἐσθίω;aoristo attivo 2ª sing.;https://www.grecoantico.com/dizionario-greco-antico.php?parola=%E1%BC%90%CF%83%CE%B8%CE%AF%CF%89;;;
ἔφαγε;ἐσθίω;aoristo attivo 3ª sing.;https://www.grecoantico.com/dizionario-greco-antico.php?parola=%E1%BC%90%CF%83%CE%B8%CE%AF%CF%89;;;
ἔφαγομεν;ἐσθίω;aoristo attivo 1ª plur.;https://www.grecoantico.com/dizionario-greco-antico.php?parola=%E1%BC%90%CF%83%CE%B8%CE%AF%CF%89;;;
ἔφαγετε;ἐσθίω;aoristo attivo 2ª plur.;https://www.grecoantico.com/dizionario-greco-antico.php?parola=%E1%BC%90%CF%83%CE%B8%CE%AF%CF%89;;;
ἔφαγον;ἐσθίω;aoristo attivo 3ª plur.;https://www.grecoantico.com/dizionario-greco-antico.php?parola=%E1%BC%90%CF%83%CE%B8%CE%AF%CF%89;;;
ἤνεγκον;φέρω;aoristo attivo 1ª sing.;https://www.grecoantico.com/dizionario-greco-antico.php?parola=ferw;;;
ἤνεγκες;φέρω;aoristo attivo 2ª sing.;https://www.grecoantico.com/dizionario-greco-antico.php?parola=ferw;;;
ἤνεγκε;φέρω;aoristo attivo 3ª sing.;https://www.grecoantico.com/dizionario-greco-antico.php?parola=ferw;;;
ἤνεγκομεν;φέρω;aoristo attivo 1ª plur.;https://www.grecoantico.com/dizionario-greco-antico.php?parola=ferw;;;
ἤνεγκετε;φέρω;aoristo attivo 2ª plur.;https://www.grecoantico.com/dizionario-greco-antico.php?parola=ferw;;;
ἤνεγκον;φέρω;aoristo attivo 3ª plur.;https://www.grecoantico.com/dizionario-greco-antico.php?parola=ferw;;;
ἐλεύσομαι;ἔρχομαι;futuro medio deponente 1ª sing.;https://www.grecoantico.com/dizionario-greco-antico.php?parola=%E1%BC%94%CF%81%CF%87%CE%BF%CE%BC%CE%B1%CE%B9;;;
ἐλεύσῃ;ἔρχομαι;futuro medio deponente 2ª sing.;https://www.grecoantico.com/dizionario-greco-antico.php?parola=%E1%BC%94%CF%81%CF%87%CE%BF%CE%BC%CE%B1%CE%B9;;;
ἐλεύσεται;ἔρχομαι;futuro medio deponente 3ª sing.;https://www.grecoantico.com/dizionario-greco-antico.php?parola=%E1%BC%94%CF%81%CF%87%CE%BF%CE%BC%CE%B1%CE%B9;;;
ἐλεύσόμεθα;ἔρχομαι;futuro medio deponente 1ª plur.;https://www.grecoantico.com/dizionario-greco-antico.php?parola=%E1%BC%94%CF%81%CF%87%CE%BF%CE%BC%CE%B1%CE%B9;;;
ἐλεύσεσθε;ἔρχομαι;futuro medio deponente 2ª plur.;https://www.grecoantico.com/dizionario-greco-antico.php?parola=%E1%BC%94%CF%81%CF%87%CE%BF%CE%BC%CE%B1%CE%B9;;;
ἐλεύσονται;ἔρχομαι;futuro medio deponente 3ª plur.;https://www.grecoantico.com/dizionario-greco-antico.php?parola=%E1%BC%94%CF%81%CF%87%CE%BF%CE%BC%CE%B1%CE%B9;;;
εἶδον;ὁράω;aoristo attivo 1ª sing.;https://www.grecoantico.com/dizionario-greco-antico.php?parola=oraw;;;
εἶδες;ὁράω;aoristo attivo 2ª sing.;https://www.grecoantico.com/dizionario-greco-antico.php?parola=oraw;;;
εἶδε;ὁράω;aoristo attivo 3ª sing.;https://www.grecoantico.com/dizionario-greco-antico.php?parola=oraw;;;
εἶδομεν;ὁράω;aoristo attivo 1ª plur.;https://www.grecoantico.com/dizionario-greco-antico.php?parola=oraw;;;
εἶδετε;ὁράω;aoristo attivo 2ª plur.;https://www.grecoantico.com/dizionario-greco-antico.php?parola=oraw;;;
εἶδον;ὁράω;aoristo attivo 3ª plur.;https://www.grecoantico.com/dizionario-greco-antico.php?parola=oraw;;;
ἑλω;αἱρέω;futuro attivo 1ª sing.;https://www.grecoantico.com/dizionario-greco-antico.php?parola=%CE%B1%E1%BC%B1%CF%81%CE%AD%CF%89;;;
ἑλεις;αἱρέω;futuro attivo 2ª sing.;https://www.grecoantico.com/dizionario-greco-antico.php?parola=%CE%B1%E1%BC%B1%CF%81%CE%AD%CF%89;;;
ἑλει;αἱρέω;futuro attivo 3ª sing.;https://www.grecoantico.com/dizionario-greco-antico.php?parola=%CE%B1%E1%BC%B1%CF%81%CE%AD%CF%89;;;
ἑλομεν;αἱρέω;futuro attivo 1ª plur.;https://www.grecoantico.com/dizionario-greco-antico.php?parola=%CE%B1%E1%BC%B1%CF%81%CE%AD%CF%89;;;
ἑλετε;αἱρέω;futuro attivo 2ª plur.;https://www.grecoantico.com/dizionario-greco-antico.php?parola=%CE%B1%E1%BC%B1%CF%81%CE%AD%CF%89;;;
ἑλουσι;αἱρέω;futuro attivo 3ª plur.;https://www.grecoantico.com/dizionario-greco-antico.php?parola=%CE%B1%E1%BC%B1%CF%81%CE%AD%CF%89;;;
ἐρω;λέγω;futuro attivo 1ª sing.;https://www.grecoantico.com/dizionario-greco-antico.php?parola=legw;;;
ἐρεις;λέγω;futuro attivo 2ª sing.;https://www.grecoantico.com/dizionario-greco-antico.php?parola=legw;;;
ἐρει;λέγω;futuro attivo 3ª sing.;https://www.grecoantico.com/dizionario-greco-antico.php?parola=legw;;;
ἐρομεν;λέγω;futuro attivo 1ª plur.;https://www.grecoantico.com/dizionario-greco-antico.php?parola=legw;;;
ἐρετε;λέγω;futuro attivo 2ª plur.;https://www.grecoantico.com/dizionario-greco-antico.php?parola=legw;;;
ἐρουσι;λέγω;futuro attivo 3ª plur.;https://www.grecoantico.com/dizionario-greco-antico.php?parola=legw;;;
οἴσω;φέρω;futuro attivo 1ª sing.;https://www.grecoantico.com/dizionario-greco-antico.php?parola=ferw;;;
οἴσεις;φέρω;futuro attivo 2ª sing.;https://www.grecoantico.com/dizionario-greco-antico.php?parola=ferw;;;
οἴσει;φέρω;futuro attivo 3ª sing.;https://www.grecoantico.com/dizionario-greco-antico.php?parola=ferw;;;
οἴσομεν;φέρω;futuro attivo 1ª plur.;https://www.grecoantico.com/dizionario-greco-antico.php?parola=ferw;;;
οἴσετε;φέρω;futuro attivo 2ª plur.;https://www.grecoantico.com/dizionario-greco-antico.php?parola=ferw;;;
οἴσουσι;φέρω;futuro attivo 3ª plur.;https://www.grecoantico.com/dizionario-greco-antico.php?parola=ferw;;;
ᾕρηκα;αἱρέω;perfetto attivo 1ª sing.;https://www.grecoantico.com/dizionario-greco-antico.php?parola=%CE%B1%E1%BC%B1%CF%81%CE%AD%CF%89;;;
ᾕρηκας;αἱρέω;perfetto attivo 2ª sing.;https://www.grecoantico.com/dizionario-greco-antico.php?parola=%CE%B1%E1%BC%B1%CF%81%CE%AD%CF%89;;;
ᾕρηκε;αἱρέω;perfetto attivo 3ª sing.;https://www.grecoantico.com/dizionario-greco-antico.php?parola=%CE%B1%E1%BC%B1%CF%81%CE%AD%CF%89;;;
ᾕρηκαμεν;αἱρέω;perfetto attivo 1ª plur.;https://www.grecoantico.com/dizionario-greco-antico.php?parola=%CE%B1%E1%BC%B1%CF%81%CE%AD%CF%89;;;
ᾕρηκατε;αἱρέω;perfetto attivo 2ª plur.;https://www.grecoantico.com/dizionario-greco-antico.php?parola=%CE%B1%E1%BC%B1%CF%81%CE%AD%CF%89;;;
ᾕρηκασι;αἱρέω;perfetto attivo 3ª plur.;https://www.grecoantico.com/dizionario-greco-antico.php?parola=%CE%B1%E1%BC%B1%CF%81%CE%AD%CF%89;;;
ἐλήλυθα;ἔρχομαι;perfetto attivo 1ª sing.;https://www.grecoantico.com/dizionario-greco-antico.php?parola=%E1%BC%94%CF%81%CF%87%CE%BF%CE%BC%CE%B1%CE%B9;;;
ἐλήλυθας;ἔρχομαι;perfetto attivo 2ª sing.;https://www.grecoantico.com/dizionario-greco-antico.php?parola=%E1%BC%94%CF%81%CF%87%CE%BF%CE%BC%CE%B1%CE%B9;;;
ἐλήλυθε;ἔρχομαι;perfetto attivo 3ª sing.;https://www.grecoantico.com/dizionario-greco-antico.php?parola=%E1%BC%94%CF%81%CF%87%CE%BF%CE%BC%CE%B1%CE%B9;;;
ἐλήλυθαμεν;ἔρχομαι;perfetto attivo 1ª plur.;https://www.grecoantico.com/dizionario-greco-antico.php?parola=%E1%BC%94%CF%81%CF%87%CE%BF%CE%BC%CE%B1%CE%B9;;;
ἐλήλυθατε;ἔρχομαι;perfetto attivo 2ª plur.;https://www.grecoantico.com/dizionario-greco-antico.php?parola=%E1%BC%94%CF%81%CF%87%CE%BF%CE%BC%CE%B1%CE%B9;;;
ἐλήλυθασι;ἔρχομαι;perfetto attivo 3ª plur.;https://www.grecoantico.com/dizionario-greco-antico.php?parola=%E1%BC%94%CF%81%CF%87%CE%BF%CE%BC%CE%B1%CE%B9;;;
εἴρηκα;λέγω;perfetto attivo 1ª sing.;https://www.grecoantico.com/dizionario-greco-antico.php?parola=legw;;;
εἴρηκας;λέγω;perfetto attivo 2ª sing.;https://www.grecoantico.com/dizionario-greco-antico.php?parola=legw;;;
εἴρηκε;λέγω;perfetto attivo 3ª sing.;https://www.grecoantico.com/dizionario-greco-antico.php?parola=legw;;;
εἴρηκαμεν;λέγω;perfetto attivo 1ª plur.;https://www.grecoantico.com/dizionario-greco-antico.php?parola=legw;;;
εἴρηκατε;λέγω;perfetto attivo 2ª plur.;https://www.grecoantico.com/dizionario-greco-antico.php?parola=legw;;;
εἴρηκασι;λέγω;perfetto attivo 3ª plur.;https://www.grecoantico.com/dizionario-greco-antico.php?parola=legw;;;
ἑώρακα;ὁράω;perfetto attivo 1ª sing.;https://www.grecoantico.com/dizionario-greco-antico.php?parola=oraw;;;
ἑώρακας;ὁράω;perfetto attivo 2ª sing.;https://www.grecoantico.com/dizionario-greco-antico.php?parola=oraw;;;
ἑώρακε;ὁράω;perfetto attivo 3ª sing.;https://www.grecoantico.com/dizionario-greco-antico.php?parola=oraw;;;
ἑώρακαμεν;ὁράω;perfetto attivo 1ª plur.;https://www.grecoantico.com/dizionario-greco-antico.php?parola=oraw;;;
ἑώρακατε;ὁράω;perfetto attivo 2ª plur.;https://www.grecoantico.com/dizionario-greco-antico.php?parola=oraw;;;
ἑώρακασι;ὁράω;perfetto attivo 3ª plur.;https://www.grecoantico.com/dizionario-greco-antico.php?parola=oraw;;;
ἐνήνοχα;φέρω;perfetto attivo 1ª sing.;https://www.grecoantico.com/dizionario-greco-antico.php?parola=oraw;;;
ἐνήνοχας;φέρω;perfetto attivo 2ª sing.;https://www.grecoantico.com/dizionario-greco-antico.php?parola=oraw;;;
ἐνήνοχε(ν);φέρω;perfetto attivo 3ª sing.;https://www.grecoantico.com/dizionario-greco-antico.php?parola=oraw;;;
ἐνήνοχαμεν;φέρω;perfetto attivo 1ª plur.;https://www.grecoantico.com/dizionario-greco-antico.php?parola=oraw;;;
ἐνήνοχατε;φέρω;perfetto attivo 2ª plur.;https://www.grecoantico.com/dizionario-greco-antico.php?parola=oraw;;;
ἐνήνοχασι;φέρω;perfetto attivo 3ª plur.;https://www.grecoantico.com/dizionario-greco-antico.php?parola=oraw;;;
ὄπωπα;ὁράω;perfetto attivo 1ª sing.;https://www.grecoantico.com/dizionario-greco-antico.php?parola=oraw;;;
ὄπωπας;ὁράω;perfetto attivo 2ª sing.;https://www.grecoantico.com/dizionario-greco-antico.php?parola=oraw;;;
ὄπωπε;ὁράω;perfetto attivo 3ª sing.;https://www.grecoantico.com/dizionario-greco-antico.php?parola=oraw;;;
ὄπωπαμεν;ὁράω;perfetto attivo 1ª plur.;https://www.grecoantico.com/dizionario-greco-antico.php?parola=oraw;;;
ὄπωπατε;ὁράω;perfetto attivo 2ª plur.;https://www.grecoantico.com/dizionario-greco-antico.php?parola=oraw;;;
ὄπωπασι;ὁράω;perfetto attivo 3ª plur.;https://www.grecoantico.com/dizionario-greco-antico.php?parola=oraw;;;
ἐδήδοκα;ἐσθίω;perfetto attivo 1ª sing.;https://www.grecoantico.com/dizionario-greco-antico.php?parola=%E1%BC%90%CF%83%CE%B8%CE%AF%CF%89;;;
ἐδήδοκας;ἐσθίω;perfetto attivo 2ª sing.;https://www.grecoantico.com/dizionario-greco-antico.php?parola=%E1%BC%90%CF%83%CE%B8%CE%AF%CF%89;;;
ἐδήδοκε;ἐσθίω;perfetto attivo 3ª sing.;https://www.grecoantico.com/dizionario-greco-antico.php?parola=%E1%BC%90%CF%83%CE%B8%CE%AF%CF%89;;;
ἐδήδοκαμεν;ἐσθίω;perfetto attivo 1ª plur.;https://www.grecoantico.com/dizionario-greco-antico.php?parola=%E1%BC%90%CF%83%CE%B8%CE%AF%CF%89;;;
ἐδήδοκατε;ἐσθίω;perfetto attivo 2ª plur.;https://www.grecoantico.com/dizionario-greco-antico.php?parola=%E1%BC%90%CF%83%CE%B8%CE%AF%CF%89;;;
ἐδήδοκασι;ἐσθίω;perfetto attivo 3ª plur.;https://www.grecoantico.com/dizionario-greco-antico.php?parola=%E1%BC%90%CF%83%CE%B8%CE%AF%CF%89;;;
ᾕρημαι;αἱρέω;perfetto medio/passivo 1ª sing.;https://www.grecoantico.com/dizionario-greco-antico.php?parola=%CE%B1%E1%BC%B1%CF%81%CE%AD%CF%89;;;
ᾕρησαι;αἱρέω;perfetto medio/passivo 2ª sing.;https://www.grecoantico.com/dizionario-greco-antico.php?parola=%CE%B1%E1%BC%B1%CF%81%CE%AD%CF%89;;;
ᾕρηται;αἱρέω;perfetto medio/passivo 3ª sing.;https://www.grecoantico.com/dizionario-greco-antico.php?parola=%CE%B1%E1%BC%B1%CF%81%CE%AD%CF%89;;;
ᾕρημεθα;αἱρέω;perfetto medio/passivo 1ª plur.;https://www.grecoantico.com/dizionario-greco-antico.php?parola=%CE%B1%E1%BC%B1%CF%81%CE%AD%CF%89;;;
ᾕρησθε;αἱρέω;perfetto medio/passivo 2ª plur.;https://www.grecoantico.com/dizionario-greco-antico.php?parola=%CE%B1%E1%BC%B1%CF%81%CE%AD%CF%89;;;
ᾕρηνται;αἱρέω;perfetto medio/passivo 3ª plur.;https://www.grecoantico.com/dizionario-greco-antico.php?parola=%CE%B1%E1%BC%B1%CF%81%CE%AD%CF%89;;;
εἴρημαι;λέγω;perfetto medio/passivo 1ª sing.;https://www.grecoantico.com/dizionario-greco-antico.php?parola=legw;;;
εἴρησαι;λέγω;perfetto medio/passivo 2ª sing.;https://www.grecoantico.com/dizionario-greco-antico.php?parola=legw;;;
εἴρηται;λέγω;perfetto medio/passivo 3ª sing.;https://www.grecoantico.com/dizionario-greco-antico.php?parola=legw;;;
εἴρημεθα;λέγω;perfetto medio/passivo 1ª plur.;https://www.grecoantico.com/dizionario-greco-antico.php?parola=legw;;;
εἴρησθε;λέγω;perfetto medio/passivo 2ª plur.;https://www.grecoantico.com/dizionario-greco-antico.php?parola=legw;;;
εἴρηνται;λέγω;perfetto medio/passivo 3ª plur.;https://www.grecoantico.com/dizionario-greco-antico.php?parola=legw;;;
ἑώραμαι;ὁράω;perfetto medio/passivo 1ª sing.;https://www.grecoantico.com/dizionario-greco-antico.php?parola=oraw;;;
ἑώρασαι;ὁράω;perfetto medio/passivo 2ª sing.;https://www.grecoantico.com/dizionario-greco-antico.php?parola=oraw;;;
ἑώραται;ὁράω;perfetto medio/passivo 3ª sing.;https://www.grecoantico.com/dizionario-greco-antico.php?parola=oraw;;;
ἑώραμεθα;ὁράω;perfetto medio/passivo 1ª plur.;https://www.grecoantico.com/dizionario-greco-antico.php?parola=oraw;;;
ἑώρασθε;ὁράω;perfetto medio/passivo 2ª plur.;https://www.grecoantico.com/dizionario-greco-antico.php?parola=oraw;;;
ἑώρανται;ὁράω;perfetto medio/passivo 3ª plur.;https://www.grecoantico.com/dizionario-greco-antico.php?parola=oraw;;;
ὦμμαι;ὁράω;perfetto medio/passivo 1ª sing.;https://www.grecoantico.com/dizionario-greco-antico.php?parola=oraw;;;
ὦμσαι;ὁράω;perfetto medio/passivo 2ª sing.;https://www.grecoantico.com/dizionario-greco-antico.php?parola=oraw;;;
ὦμται;ὁράω;perfetto medio/passivo 3ª sing.;https://www.grecoantico.com/dizionario-greco-antico.php?parola=oraw;;;
ὦμμεθα;ὁράω;perfetto medio/passivo 1ª plur.;https://www.grecoantico.com/dizionario-greco-antico.php?parola=oraw;;;
ὦμσθε;ὁράω;perfetto medio/passivo 2ª plur.;https://www.grecoantico.com/dizionario-greco-antico.php?parola=oraw;;;
ὦμνται;ὁράω;perfetto medio/passivo 3ª plur.;https://www.grecoantico.com/dizionario-greco-antico.php?parola=oraw;;;
ἐνήνεγμαι;φέρω;perfetto medio/passivo 1ª sing.;https://www.grecoantico.com/dizionario-greco-antico.php?parola=ferw;;;
ἐνήνεγσαι;φέρω;perfetto medio/passivo 2ª sing.;https://www.grecoantico.com/dizionario-greco-antico.php?parola=ferw;;;
ἐνήνεγται;φέρω;perfetto medio/passivo 3ª sing.;https://www.grecoantico.com/dizionario-greco-antico.php?parola=ferw;;;
ἐνήνεγμεθα;φέρω;perfetto medio/passivo 1ª plur.;https://www.grecoantico.com/dizionario-greco-antico.php?parola=ferw;;;
ἐνήνεγσθε;φέρω;perfetto medio/passivo 2ª plur.;https://www.grecoantico.com/dizionario-greco-antico.php?parola=ferw;;;
ἐνήνεγνται;φέρω;perfetto medio/passivo 3ª plur.;https://www.grecoantico.com/dizionario-greco-antico.php?parola=ferw;;;
ἐδήδεμαι;ἐσθίω;perfetto medio/passivo 1ª sing.;https://www.grecoantico.com/dizionario-greco-antico.php?parola=%E1%BC%90%CF%83%CE%B8%CE%AF%CF%89;;;
ἐδήδεσαι;ἐσθίω;perfetto medio/passivo 2ª sing.;https://www.grecoantico.com/dizionario-greco-antico.php?parola=%E1%BC%90%CF%83%CE%B8%CE%AF%CF%89;;;
ἐδήδεται;ἐσθίω;perfetto medio/passivo 3ª sing.;https://www.grecoantico.com/dizionario-greco-antico.php?parola=%E1%BC%90%CF%83%CE%B8%CE%AF%CF%89;;;
ἐδήδεμεθα;ἐσθίω;perfetto medio/passivo 1ª plur.;https://www.grecoantico.com/dizionario-greco-antico.php?parola=%E1%BC%90%CF%83%CE%B8%CE%AF%CF%89;;;
ἐδήδεσθε;ἐσθίω;perfetto medio/passivo 2ª plur.;https://www.grecoantico.com/dizionario-greco-antico.php?parola=%E1%BC%90%CF%83%CE%B8%CE%AF%CF%89;;;
ἐδήδενται;ἐσθίω;perfetto medio/passivo 3ª plur.;https://www.grecoantico.com/dizionario-greco-antico.php?parola=%E1%BC%90%CF%83%CE%B8%CE%AF%CF%89;;;
ᾑρέθην;αἱρέω;aoristo passivo 1ª sing.;https://www.grecoantico.com/dizionario-greco-antico.php?parola=%CE%B1%E1%BC%B1%CF%81%CE%AD%CF%89;;;
ᾑρέθης;αἱρέω;aoristo passivo 2ª sing.;https://www.grecoantico.com/dizionario-greco-antico.php?parola=%CE%B1%E1%BC%B1%CF%81%CE%AD%CF%89;;;
ᾑρέθη;αἱρέω;aoristo passivo 3ª sing.;https://www.grecoantico.com/dizionario-greco-antico.php?parola=%CE%B1%E1%BC%B1%CF%81%CE%AD%CF%89;;;
ᾑρέθημεν;αἱρέω;aoristo passivo 1ª plur.;https://www.grecoantico.com/dizionario-greco-antico.php?parola=%CE%B1%E1%BC%B1%CF%81%CE%AD%CF%89;;;
ᾑρέθητε;αἱρέω;aoristo passivo 2ª plur.;https://www.grecoantico.com/dizionario-greco-antico.php?parola=%CE%B1%E1%BC%B1%CF%81%CE%AD%CF%89;;;
ᾑρέθησαν;αἱρέω;aoristo passivo 3ª plur.;https://www.grecoantico.com/dizionario-greco-antico.php?parola=%CE%B1%E1%BC%B1%CF%81%CE%AD%CF%89;;;
ἠδέσθην;ἐσθίω;aoristo passivo 1ª sing.;https://www.grecoantico.com/dizionario-greco-antico.php?parola=%E1%BC%90%CF%83%CE%B8%CE%AF%CF%89;;;
ἠδέσθης;ἐσθίω;aoristo passivo 2ª sing.;https://www.grecoantico.com/dizionario-greco-antico.php?parola=%E1%BC%90%CF%83%CE%B8%CE%AF%CF%89;;;
ἠδέσθη;ἐσθίω;aoristo passivo 3ª sing.;https://www.grecoantico.com/dizionario-greco-antico.php?parola=%E1%BC%90%CF%83%CE%B8%CE%AF%CF%89;;;
ἠδέσθημεν;ἐσθίω;aoristo passivo 1ª plur.;https://www.grecoantico.com/dizionario-greco-antico.php?parola=%E1%BC%90%CF%83%CE%B8%CE%AF%CF%89;;;
ἠδέσθητε;ἐσθίω;aoristo passivo 2ª plur.;https://www.grecoantico.com/dizionario-greco-antico.php?parola=%E1%BC%90%CF%83%CE%B8%CE%AF%CF%89;;;
ἠδέσθησαν;ἐσθίω;aoristo passivo 3ª plur.;https://www.grecoantico.com/dizionario-greco-antico.php?parola=%E1%BC%90%CF%83%CE%B8%CE%AF%CF%89;;;
ἐρρήθην;λέγω;aoristo passivo 1ª sing.;https://www.grecoantico.com/dizionario-greco-antico.php?parola=legw;;;
ἐρρήθης;λέγω;aoristo passivo 2ª sing.;https://www.grecoantico.com/dizionario-greco-antico.php?parola=legw;;;
ἐρρήθη;λέγω;aoristo passivo 3ª sing.;https://www.grecoantico.com/dizionario-greco-antico.php?parola=legw;;;
ἐρρήθημεν;λέγω;aoristo passivo 1ª plur.;https://www.grecoantico.com/dizionario-greco-antico.php?parola=legw;;;
ἐρρήθητε;λέγω;aoristo passivo 2ª plur.;https://www.grecoantico.com/dizionario-greco-antico.php?parola=legw;;;
ἐρρήθησαν;λέγω;aoristo passivo 3ª plur.;https://www.grecoantico.com/dizionario-greco-antico.php?parola=legw;;;
ὤφθην;ὁράω;aoristo passivo 1ª sing.;https://www.grecoantico.com/dizionario-greco-antico.php?parola=oraw;;;
ὤφθης;ὁράω;aoristo passivo 2ª sing.;https://www.grecoantico.com/dizionario-greco-antico.php?parola=oraw;;;
ὤφθη;ὁράω;aoristo passivo 3ª sing.;https://www.grecoantico.com/dizionario-greco-antico.php?parola=oraw;;;
ὤφθημεν;ὁράω;aoristo passivo 1ª plur.;https://www.grecoantico.com/dizionario-greco-antico.php?parola=oraw;;;
ὤφθητε;ὁράω;aoristo passivo 2ª plur.;https://www.grecoantico.com/dizionario-greco-antico.php?parola=oraw;;;
ὤφθησαν;ὁράω;aoristo passivo 3ª plur.;https://www.grecoantico.com/dizionario-greco-antico.php?parola=oraw;;;
ἠνέχθην;φέρω;aoristo passivo 1ª sing.;https://www.grecoantico.com/dizionario-greco-antico.php?parola=ferw;;;
ἠνέχθης;φέρω;aoristo passivo 2ª sing.;https://www.grecoantico.com/dizionario-greco-antico.php?parola=ferw;;;
ἠνέχθη;φέρω;aoristo passivo 3ª sing.;https://www.grecoantico.com/dizionario-greco-antico.php?parola=ferw;;;
ἠνέχθημεν;φέρω;aoristo passivo 1ª plur.;https://www.grecoantico.com/dizionario-greco-antico.php?parola=ferw;;;
ἠνέχθητε;φέρω;aoristo passivo 2ª plur.;https://www.grecoantico.com/dizionario-greco-antico.php?parola=ferw;;;
ἠνέχθησαν;φέρω;aoristo passivo 3ª plur.;https://www.grecoantico.com/dizionario-greco-antico.php?parola=ferw;;;
αἱρεθησομαι;αἱρέω;futuro passivo 1ª sing.;https://www.grecoantico.com/dizionario-greco-antico.php?parola=%CE%B1%E1%BC%B1%CF%81%CE%AD%CF%89;;;
αἱρεθησῃ;αἱρέω;futuro passivo 2ª sing.;https://www.grecoantico.com/dizionario-greco-antico.php?parola=%CE%B1%E1%BC%B1%CF%81%CE%AD%CF%89;;;
αἱρεθησεται;αἱρέω;futuro passivo 3ª sing.;https://www.grecoantico.com/dizionario-greco-antico.php?parola=%CE%B1%E1%BC%B1%CF%81%CE%AD%CF%89;;;
αἱρεθησόμεθα;αἱρέω;futuro passivo 1ª plur.;https://www.grecoantico.com/dizionario-greco-antico.php?parola=%CE%B1%E1%BC%B1%CF%81%CE%AD%CF%89;;;
αἱρεθησεσθε;αἱρέω;futuro passivo 2ª plur.;https://www.grecoantico.com/dizionario-greco-antico.php?parola=%CE%B1%E1%BC%B1%CF%81%CE%AD%CF%89;;;
αἱρεθησονται;αἱρέω;futuro passivo 3ª plur.;https://www.grecoantico.com/dizionario-greco-antico.php?parola=%CE%B1%E1%BC%B1%CF%81%CE%AD%CF%89;;;
ἐδεσθησομαι;ἐσθίω;futuro passivo 1ª sing.;https://www.grecoantico.com/dizionario-greco-antico.php?parola=%E1%BC%90%CF%83%CE%B8%CE%AF%CF%89;;;
ἐδεσθησῃ;ἐσθίω;futuro passivo 2ª sing.;https://www.grecoantico.com/dizionario-greco-antico.php?parola=%E1%BC%90%CF%83%CE%B8%CE%AF%CF%89;;;
ἐδεσθησεται;ἐσθίω;futuro passivo 3ª sing.;https://www.grecoantico.com/dizionario-greco-antico.php?parola=%E1%BC%90%CF%83%CE%B8%CE%AF%CF%89;;;
ἐδεσθησόμεθα;ἐσθίω;futuro passivo 1ª plur.;https://www.grecoantico.com/dizionario-greco-antico.php?parola=%E1%BC%90%CF%83%CE%B8%CE%AF%CF%89;;;
ἐδεσθησεσθε;ἐσθίω;futuro passivo 2ª plur.;https://www.grecoantico.com/dizionario-greco-antico.php?parola=%E1%BC%90%CF%83%CE%B8%CE%AF%CF%89;;;
ἐδεσθησονται;ἐσθίω;futuro passivo 3ª plur.;https://www.grecoantico.com/dizionario-greco-antico.php?parola=%E1%BC%90%CF%83%CE%B8%CE%AF%CF%89;;;
ὀφθησομαι;ὁράω;futuro passivo 1ª sing.;https://www.grecoantico.com/dizionario-greco-antico.php?parola=oraw;;;
ὀφθησῃ;ὁράω;futuro passivo 2ª sing.;https://www.grecoantico.com/dizionario-greco-antico.php?parola=oraw;;;
ὀφθησεται;ὁράω;futuro passivo 3ª sing.;https://www.grecoantico.com/dizionario-greco-antico.php?parola=oraw;;;
ὀφθησόμεθα;ὁράω;futuro passivo 1ª plur.;https://www.grecoantico.com/dizionario-greco-antico.php?parola=oraw;;;
ὀφθησεσθε;ὁράω;futuro passivo 2ª plur.;https://www.grecoantico.com/dizionario-greco-antico.php?parola=oraw;;;
ὀφθησονται;ὁράω;futuro passivo 3ª plur.;https://www.grecoantico.com/dizionario-greco-antico.php?parola=oraw;;;
ἐνεχθησομαι;φέρω;futuro passivo 1ª sing.;https://www.grecoantico.com/dizionario-greco-antico.php?parola=ferw;;;
ἐνεχθησῃ;φέρω;futuro passivo 2ª sing.;https://www.grecoantico.com/dizionario-greco-antico.php?parola=ferw;;;
ἐνεχθησεται;φέρω;futuro passivo 3ª sing.;https://www.grecoantico.com/dizionario-greco-antico.php?parola=ferw;;;
ἐνεχθησόμεθα;φέρω;futuro passivo 1ª plur.;https://www.grecoantico.com/dizionario-greco-antico.php?parola=ferw;;;
ἐνεχθησεσθε;φέρω;futuro passivo 2ª plur.;https://www.grecoantico.com/dizionario-greco-antico.php?parola=ferw;;;
ἐνεχθησονται;φέρω;futuro passivo 3ª plur.;https://www.grecoantico.com/dizionario-greco-antico.php?parola=ferw;;;
εἶπα;λέγω;aoristo attivo in -α 1ª sing.;https://www.grecoantico.com/dizionario-greco-antico.php?parola=legw;;;
εἶπας;λέγω;aoristo attivo in -α 2ª sing.;https://www.grecoantico.com/dizionario-greco-antico.php?parola=legw;;;
εἶπε;λέγω;aoristo attivo in -α 3ª sing.;https://www.grecoantico.com/dizionario-greco-antico.php?parola=legw;;;
εἶπαμεν;λέγω;aoristo attivo in -α 1ª plur.;https://www.grecoantico.com/dizionario-greco-antico.php?parola=legw;;;
εἶπατε;λέγω;aoristo attivo in -α 2ª plur.;https://www.grecoantico.com/dizionario-greco-antico.php?parola=legw;;;
εἶπαν;λέγω;aoristo attivo in -α 3ª plur.;https://www.grecoantico.com/dizionario-greco-antico.php?parola=legw;;;
ἤνεγκα;φέρω;aoristo attivo in -α 1ª sing.;https://www.grecoantico.com/dizionario-greco-antico.php?parola=ferw;;;
ἤνεγκας;φέρω;aoristo attivo in -α 2ª sing.;https://www.grecoantico.com/dizionario-greco-antico.php?parola=ferw;;;
ἤνεγκε;φέρω;aoristo attivo in -α 3ª sing.;https://www.grecoantico.com/dizionario-greco-antico.php?parola=ferw;;;
ἤνεγκαμεν;φέρω;aoristo attivo in -α 1ª plur.;https://www.grecoantico.com/dizionario-greco-antico.php?parola=ferw;;;
ἤνεγκατε;φέρω;aoristo attivo in -α 2ª plur.;https://www.grecoantico.com/dizionario-greco-antico.php?parola=ferw;;;
ἤνεγκαν;φέρω;aoristo attivo in -α 3ª plur.;https://www.grecoantico.com/dizionario-greco-antico.php?parola=ferw;;;